Workbook
Name DATOS: Exergy!#REF!
Name tgas_fmt: Format!$A$1:$D$7

Sheet Physical Diagram

Sheet Validate
A1: Flows | B1: Processes | C1: Wastes | D1: Resources
A2: RESOURCE | B2: PRODUCTIVE | C2: DEFAULT | D2: FLOW
A3: INTERNAL | B3: DISSIPATIVE | C3: MANUAL | D3: PROCESS
A4: OUTPUT | C4: RESOURCES
A5: WASTE | C5: EXERGY
C6: COST
C7: IRREVERSIBILITY
C8: HYBRID

Sheet Flows
A1: key | B1: type
A2: B1 | B2: INTERNAL
A3: B2 | B3: INTERNAL
A4: B3 | B4: INTERNAL
A5: B4 | B5: INTERNAL
A6: B5 | B6: INTERNAL
A7: B6 | B7: INTERNAL
A8: B7 | B8: INTERNAL
A9: B8 | B9: INTERNAL
A10: WT | B10: INTERNAL
A11: WC | B11: INTERNAL
A12: WP | B12: INTERNAL
... A17: QEXP | B17: WASTE

Sheet Processes
A1: key | B1: type | C1: fuel | D1: product | E1: description
A2: BLR | B2: PRODUCTIVE | C2: QBLR | D2: B1-B4 | E2: Boiler
A3: TRB | B3: PRODUCTIVE | C3: B1-B2 | D3: WT | E3: Turbine
A4: PMP | B4: PRODUCTIVE | C4: WP | D4: B4-B3 | E4: Pump
A5: CMP | B5: PRODUCTIVE | C5: WC | D5: B8-B7 | E5: Compresor
A6: EVAP | B6: PRODUCTIVE | C6: B6-B7 | D6: QEVP | E6: Evaporator
A7: GEN | B7: PRODUCTIVE | C7: WT | D7: WC+WP+WN | E7: Alternator
A8: VEXP | B8: DISSIPATIVE | C8: B5-B6 | D8: QEXP | E8: Expansion Valve
A9: CND | B9: DISSIPATIVE | C9: (B2-B3)+(B8-B5) | D9: QCND | E9: Condeser

Sheet Exergy
A1: key | B1: REF | C1: ETAT75 | D1: ETAC75 | E1: TCND35 | F1: TBLR85 | G1: WN0 | H1: WN200 | I1: TA30 | J1: TA30V
A2: B1 | B2: 684.6 | C2: 733.5 | D2: 684.6 | E2: 765.4 | F2: 707.1 | G2: 629.8 | H2: 1178 | I2: 672 | J2: 937.3
A3: B2 | B3: 349.7 | C3: 376.1 | D3: 349.7 | E3: 429.6 | F3: 373.3 | G3: 321.7 | H3: 601.4 | I3: 343.2 | J3: 478.7
A4: B3 | B4: 273.8 | C4: 293.4 | D4: 273.8 | E4: 310.4 | F4: 293.1 | G4: 251.9 | H4: 471 | I4: 268.8 | J4: 374.9
A5: B4 | B5: 287.9 | C5: 308.4 | D5: 287.9 | E5: 325.5 | F5: 306.3 | G5: 264.8 | H5: 495.1 | I5: 282.6 | J5: 394.1
A6: B5 | B6: 193.5 | C6: 193.5 | D6: 181.4 | E6: 174.5 | F6: 193.5 | G6: 193.5 | H6: 193.5 | I6: 193.5 | J6: 276.7
A7: B6 | B7: 167.2 | C7: 167.2 | D7: 156.8 | E7: 144.2 | F7: 167.2 | G7: 167.2 | H7: 167.2 | I7: 167.2 | J7: 239.1
A8: B7 | B8: 55.19 | C8: 55.19 | D8: 51.74 | E8: 49.08 | F8: 55.19 | G8: 55.19 | H8: 55.19 | I8: 55.19 | J8: 78.91
A9: B8 | B9: 240.8 | C9: 240.8 | D9: 226.5 | E9: 235.4 | F9: 240.8 | G9: 240.8 | H9: 240.8 | I9: 240.8 | J9: 344.4
A10: WT | B10: 271.9 | C10: 273.1 | D10: 271.9 | E10: 273.1 | F10: 270.8 | G10: 250.1 | H10: 467.6 | I10: 266.9 | J10: 372.2
A11: WC | B11: 230 | C11: 230 | D11: 230 | E11: 230 | F11: 230 | G11: 230 | H11: 230 | I11: 230 | J11: 328.9
A12: WP | B12: 16.42 | C12: 17.59 | D12: 16.42 | E12: 17.68 | F12: 15.39 | G12: 15.11 | H12: 28.25 | I12: 16.12 | J12: 22.48
A13: QBLR | B13: 545.8 | C13: 584.8 | D13: 545.8 | E13: 597 | F13: 564.6 | G13: 502.1 | H13: 938.8 | I13: 534.6 | J13: 745.6
... A15: WN | B15: 20 | C15: 20 | D15: 20 | E15: 20 | F15: 20 | G15: 0 | H15: 200 | I15: 20 | J15: 20
A16: QCND | B16: =B3+B9-B4-B6 -> 123.2 | C16: =C3+C9-C4-C6 -> 130 | D16: =D3+D9-D4-D6 -> 121 | E16: =E3+E9-E4-E6 -> 180.1 | F16: =F3+F9-F4-F6 -> 127.5 | G16: =G3+G9-G4-G6 -> 117.1 | H16: =H3+H9-H4-H6 -> 177.7 | I16: =I3+I9-I4-I6 -> 121.7 | J16: =J3+J9-J4-J6 -> 171.5
A17: QEXP | B17: =B6-B7 -> 26.3 | C17: =C6-C7 -> 26.3 | D17: =D6-D7 -> 24.6 | E17: =E6-E7 -> 30.3 | F17: =F6-F7 -> 26.3 | G17: =G6-G7 -> 26.3 | H17: =H6-H7 -> 26.3 | I17: =I6-I7 -> 26.3 | J17: =J6-J7 -> 37.6

Sheet Format
A1: key | B1: width | C1: precision | D1: unit
A2: EXERGY | B2: 10 | C2: 1 | D2: (kW)
A3: EXERGY_COST | B3: 10 | C3: 1 | D3: (kW)
A4: EXERGY_UNIT_COST | B4: 10 | C4: 4 | D4: (J/J)
A5: GENERALIZED_COST | B5: 10 | C5: 1 | D5: (c/h)
A6: GENERALIZED_UNIT_COST | B6: 10 | C6: 4 | D6: (c/kWh)
A7: DIAGNOSIS | B7: 10 | C7: 3 | D7: (kW)

Sheet WasteDefinition
A1: key | B1: type | C1: recycle
A2: QCND | B2: EXERGY | C2: 0
A3: QEXP | B3: EXERGY | C3: 0

Sheet WasteAllocation
A1: key | B1: QEXP | C1: QCND
A2: BLR | B2: 0 | C2: 0.58
A3: CMP | B3: 1 | C3: 0.42

Sheet ResourcesCost
A1: key | B1: type | C1: Base | D1: CG
A2: QBLR | B2: FLOW | C2: 0.1 | D2: 0.1
A3: =Processes!A2 -> BLR | B3: PROCESS | C3: 23.060848 | D3: 33.755112
A4: =Processes!A3 -> TRB | B4: PROCESS | C4: 258.83155 | D4: 524.80526
A5: =Processes!A4 -> PMP | B5: PROCESS | C5: 2.26881 | D5: 2.9118495
A6: =Processes!A5 -> CMP | B6: PROCESS | C6: 237.79585 | D6: 237.79585
A7: =Processes!A6 -> EVAP | B7: PROCESS | C7: 23.436121 | D7: 23.436121
A8: =Processes!A7 -> GEN | B8: PROCESS | C8: 17.678672 | D8: 69.22579
A9: =Processes!A8 -> VEXP | B9: PROCESS | C9: 0.27387681 | D9: 0.27387681
A10: =Processes!A9 -> CND | B10: PROCESS | C10: 39.793277 | D10: 51.001662
