Workbook
Name DATOS: Exergy!#REF!
Name tgas_fmt: Format!$A$1:$D$7

Sheet Physical Diagram

Sheet Validate
A1: Flows | B1: Processes | C1: Wastes | D1: Resources
A2: RESOURCE | B2: PRODUCTIVE | C2: DEFAULT | D2: FLOW
A3: INTERNAL | B3: DISSIPATIVE | C3: MANUAL | D3: PROCESS
A4: OUTPUT | C4: RESOURCES
A5: WASTE | C5: EXERGY
C6: COST
C7: IRREVERSIBILITY
C8: HYBRID

Sheet Flows
A1: key | B1: type
A2: B1 | B2: INTERNAL
A3: B2 | B3: INTERNAL
A4: B3 | B4: INTERNAL
A5: B4 | B5: INTERNAL
A6: B5 | B6: INTERNAL
A7: B6 | B7: INTERNAL
A8: B7 | B8: INTERNAL
A9: B8 | B9: INTERNAL
A10: WT | B10: INTERNAL
A11: WC | B11: INTERNAL
A12: WP | B12: INTERNAL
... A17: QEXP | B17: WASTE

Sheet Processes
A1: key | B1: type | C1: fuel | D1: product | E1: description
A2: BLR | B2: PRODUCTIVE | C2: QBLR | D2: B1-B4 | E2: Boiler
A3: TRB | B3: PRODUCTIVE | C3: B1-B2 | D3: WT | E3: Turbine
A4: PMP | B4: PRODUCTIVE | C4: WP | D4: B4-B3 | E4: Pump
A5: CMP | B5: PRODUCTIVE | C5: WC | D5: B8-B7 | E5: Compresor
A6: EVAP | B6: PRODUCTIVE | C6: B6-B7 | D6: QEVP | E6: Evaporator
A7: GEN | B7: PRODUCTIVE | C7: WT | D7: WN+WC+WP | E7: Alternator
A8: CND | B8: DISSIPATIVE | C8: (B2-B3)+(B8-B5) | D8: QCND | E8: Condeser
A9: VEXP | B9: DISSIPATIVE | C9: B5-B6 | D9: QEXP | E9: Expansion Valve

Sheet Exergy
A1: key | B1: REF | C1: ETAT75 | D1: ETAC75 | E1: TCND35 | F1: TBLR85 | G1: WN0 | H1: WN200
A2: =Flows!A2 -> B1 | B2: =REF!G2 -> 680 | C2: =ETAT75!G2 -> 728.5 | D2: =ETAC75!G2 -> 721.7 | E2: =TCND35!G2 -> 884.5 | F2: =TBLR85!G2 -> 702.3 | G2: =WN0!G2 -> 625.3 | H2: ='WN200'!G2 -> 1173
A3: =Flows!A3 -> B2 | B3: =REF!G3 -> 347.3 | C3: =ETAT75!G3 -> 373.6 | D3: =ETAC75!G3 -> 368.6 | E3: =TCND35!G3 -> 496.5 | F3: =TBLR85!G3 -> 370.8 | G3: =WN0!G3 -> 319.4 | H3: ='WN200'!G3 -> 599.1
A4: =Flows!A4 -> B3 | B4: =REF!G4 -> 272 | C4: =ETAT75!G4 -> 291.4 | D4: =ETAC75!G4 -> 288.7 | E4: =TCND35!G4 -> 358.7 | F4: =TBLR85!G4 -> 291.2 | G4: =WN0!G4 -> 250.1 | H4: ='WN200'!G4 -> 469.1
A5: =Flows!A5 -> B4 | B5: =REF!G5 -> 285.9 | C5: =ETAT75!G5 -> 306.3 | D5: =ETAC75!G5 -> 303.5 | E5: =TCND35!G5 -> 376.2 | F5: =TBLR85!G5 -> 304.2 | G5: =WN0!G5 -> 262.9 | H5: ='WN200'!G5 -> 493.2
A6: =Flows!A6 -> B5 | B6: =REF!G6 -> 192.1 | C6: =ETAT75!G6 -> 192.1 | D6: =ETAC75!G6 -> 192.1 | E6: =TCND35!G6 -> 204 | F6: =TBLR85!G6 -> 192.1 | G6: =WN0!G6 -> 192.1 | H6: ='WN200'!G6 -> 192.1
A7: =Flows!A7 -> B6 | B7: =REF!G7 -> 166 | C7: =ETAT75!G7 -> 166 | D7: =ETAC75!G7 -> 166 | E7: =TCND35!G7 -> 168.6 | F7: =TBLR85!G7 -> 166 | G7: =WN0!G7 -> 166 | H7: ='WN200'!G7 -> 166
A8: =Flows!A8 -> B7 | B8: =REF!G8 -> 54.79 | C8: =ETAT75!G8 -> 54.79 | D8: =ETAC75!G8 -> 54.79 | E8: =TCND35!G8 -> 57.39 | F8: =TBLR85!G8 -> 54.79 | G8: =WN0!G8 -> 54.79 | H8: ='WN200'!G8 -> 54.79
A9: =Flows!A9 -> B8 | B9: =REF!G9 -> 239.1 | C9: =ETAT75!G9 -> 239.1 | D9: =ETAC75!G9 -> 239.8 | E9: =TCND35!G9 -> 275.3 | F9: =TBLR85!G9 -> 239.1 | G9: =WN0!G9 -> 239.1 | H9: ='WN200'!G9 -> 239.1
A10: =Flows!A10 -> WT | B10: =REF!G10 -> 270 | C10: =ETAT75!G10 -> 271.2 | D10: =ETAC75!G10 -> 286.6 | E10: =TCND35!G10 -> 315.7 | F10: =TBLR85!G10 -> 269 | G10: =WN0!G10 -> 248.3 | H10: ='WN200'!G10 -> 465.8
A11: =Flows!A11 -> WC | B11: =REF!G11 -> 228.3 | C11: =ETAT75!G11 -> 228.3 | D11: =ETAC75!G11 -> 243.5 | E11: =TCND35!G11 -> 268.9 | F11: =TBLR85!G11 -> 228.3 | G11: =WN0!G11 -> 228.3 | H11: ='WN200'!G11 -> 228.3
A12: =Flows!A12 -> WP | B12: =REF!G12 -> 16.31 | C12: =ETAT75!G12 -> 17.48 | D12: =ETAC75!G12 -> 17.31 | E12: =TCND35!G12 -> 20.43 | F12: =TBLR85!G12 -> 15.28 | G12: =WN0!G12 -> 15 | H12: ='WN200'!G12 -> 28.14
A13: =Flows!A13 -> QBLR | B13: =REF!G13 -> 542.1 | C13: =ETAT75!G13 -> 580.8 | D13: =ETAC75!G13 -> 575.4 | E13: =TCND35!G13 -> 689.9 | F13: =TBLR85!G13 -> 560.8 | G13: =WN0!G13 -> 498.5 | H13: ='WN200'!G13 -> 935.1
... A15: =Flows!A15 -> WN | B15: =REF!G15 -> 20 | C15: =ETAT75!G15 -> 20 | D15: =ETAC75!G15 -> 20 | E15: =TCND35!G15 -> 20 | F15: =TBLR85!G15 -> 20 | G15: =WN0!G15 -> 0 | H15: ='WN200'!G15 -> 200
A16: =Flows!A16 -> QCND | B16: =B3+B9-B4-B6 -> 122.3 | C16: =C3+C9-C4-C6 -> 129.2 | D16: =D3+D9-D4-D6 -> 127.6 | E16: =E3+E9-E4-E6 -> 209.1 | F16: =F3+F9-F4-F6 -> 126.6 | G16: =G3+G9-G4-G6 -> 116.3 | H16: =H3+H9-H4-H6 -> 177
A17: =Flows!A17 -> QEXP | B17: =B6-B7 -> 26.1 | C17: =C6-C7 -> 26.1 | D17: =D6-D7 -> 26.1 | E17: =E6-E7 -> 35.4 | F17: =F6-F7 -> 26.1 | G17: =G6-G7 -> 26.1 | H17: =H6-H7 -> 26.1

Sheet Format
A1: key | B1: width | C1: precision | D1: unit
A2: EXERGY | B2: 10 | C2: 1 | D2: (kW)
A3: EXERGY_COST | B3: 10 | C3: 1 | D3: (kW)
A4: EXERGY_UNIT_COST | B4: 10 | C4: 4 | D4: (J/J)
A5: GENERALIZED_COST | B5: 10 | C5: 1 | D5: (c/h)
A6: GENERALIZED_UNIT_COST | B6: 10 | C6: 4 | D6: (c/kWh)
A7: DIAGNOSIS | B7: 10 | C7: 3 | D7: (kW)

Sheet WasteDefinition
A1: key | B1: type | C1: recycle
A2: =Flows!A16 -> QCND | B2: EXERGY | C2: 0
A3: =Flows!A17 -> QEXP | B3: EXERGY | C3: 0

Sheet REF
A1: =Flows!A1 -> key | B1: m (kg/s) | C1: T (ºC) | D1: P (bar) | E1: h( kJ/kg) | F1: s (kj/kg K) | G1: B (kW)
A2: =Flows!A2 -> B1 | B2: 6.109 | C2: 90 | D2: 16.4 | E2: 668.6 | F2: 2.373 | G2: 680
A3: =Flows!A3 -> B2 | B3: 6.109 | C3: 45.63 | D3: 4.045 | E3: 624.4 | F3: 2.408 | G3: 347.3
A4: =Flows!A4 -> B3 | B4: 6.109 | C4: 30 | D4: 4.045 | E4: 271.8 | F4: 1.248 | G4: 272
A5: =Flows!A5 -> B4 | B5: 6.109 | C5: 30.84 | D5: 16.4 | E5: 274.5 | F5: 1.249 | G5: 285.9
A6: =Flows!A6 -> B5 | B6: 4.315 | C6: 30 | D6: 4.045 | E6: 271.8 | F6: 1.248 | G6: 192.1
A7: =Flows!A7 -> B6 | B7: 4.315 | C7: -5 | D7: 1.307 | E7: 271.8 | F7: 1.268 | G7: 166
A8: =Flows!A8 -> B7 | B8: 4.315 | C8: -5 | D8: 1.307 | E8: 548.3 | F8: 2.3 | G8: 54.79
A9: =Flows!A9 -> B8 | B9: 4.315 | C9: 33.26 | D9: 4.045 | E9: 601.3 | F9: 2.334 | G9: 239.1
A10: =Flows!A10 -> WT | G10: 270
A11: =Flows!A11 -> WC | G11: 228.3
A12: =Flows!A12 -> WP | G12: 16.31
A13: =Flows!A13 -> QBLR | G13: 542.1
A14: =Flows!A14 -> QEVP | G14: 42.65
A15: =Flows!A15 -> WN | G15: 20
A16: =Flows!A16 -> QCND | G16: 122.3
A17: =Flows!A17 -> QEXP | G17: =G6-G7 -> 26.1

Sheet ETAT75
A1: =REF!A1 -> key | B1: =REF!B1 -> m (kg/s) | C1: =REF!C1 -> T (ºC) | D1: =REF!D1 -> P (bar) | E1: =REF!E1 -> h( kJ/kg) | F1: =REF!F1 -> s (kj/kg K) | G1: =REF!G1 -> B (kW)
A2: =REF!A2 -> B1 | B2: 6.545 | C2: 90 | D2: 16.4 | E2: 668.6 | F2: 2.373 | G2: 728.5
A3: =REF!A3 -> B2 | B3: 6.545 | C3: 47.1 | D3: 4.045 | E3: 627.2 | F3: 2.417 | G3: 373.6
A4: =REF!A4 -> B3 | B4: 6.545 | C4: 30 | D4: 4.045 | E4: 271.8 | F4: 1.248 | G4: 291.4
A5: =REF!A5 -> B4 | B5: 6.545 | C5: 30.84 | D5: 16.4 | E5: 274.5 | F5: 1.249 | G5: 306.3
A6: =REF!A6 -> B5 | B6: 4.315 | C6: 30 | D6: 4.045 | E6: 271.8 | F6: 1.248 | G6: 192.1
A7: =REF!A7 -> B6 | B7: 4.315 | C7: -5 | D7: 1.307 | E7: 271.8 | F7: 1.268 | G7: 166
A8: =REF!A8 -> B7 | B8: 4.315 | C8: -5 | D8: 1.307 | E8: 548.3 | F8: 2.3 | G8: 54.79
A9: =REF!A9 -> B8 | B9: 4.315 | C9: 33.26 | D9: 4.045 | E9: 601.3 | F9: 2.334 | G9: 239.1
A10: =REF!A10 -> WT | G10: 271.2
A11: =REF!A11 -> WC | G11: 228.3
A12: =REF!A12 -> WP | G12: 17.48
A13: =REF!A13 -> QBLR | G13: 580.8
A14: =REF!A14 -> QEVP | G14: 42.65
A15: =REF!A15 -> WN | G15: 20
A16: =REF!A16 -> QCND | G16: 129.2
A17: =REF!A17 -> QEXP | G17: 26.07

Sheet ETAC75
A1: =REF!A1 -> key | B1: =REF!B1 -> m (kg/s) | C1: =REF!C1 -> T (ºC) | D1: =REF!D1 -> P (bar) | E1: =REF!E1 -> h( kJ/kg) | F1: =REF!F1 -> s (kj/kg K) | G1: =REF!G1 -> B (kW)
A2: =REF!A2 -> B1 | B2: 6.484 | C2: 90 | D2: 16.4 | E2: 668.6 | F2: 2.373 | G2: 721.7
A3: =REF!A3 -> B2 | B3: 6.484 | C3: 45.63 | D3: 4.045 | E3: 624.4 | F3: 2.408 | G3: 368.6
A4: =REF!A4 -> B3 | B4: 6.484 | C4: 30 | D4: 4.045 | E4: 271.8 | F4: 1.248 | G4: 288.7
A5: =REF!A5 -> B4 | B5: 6.484 | C5: 30.84 | D5: 16.4 | E5: 274.5 | F5: 1.249 | G5: 303.5
A6: =REF!A6 -> B5 | B6: 4.315 | C6: 30 | D6: 4.045 | E6: 271.8 | F6: 1.248 | G6: 192.1
A7: =REF!A7 -> B6 | B7: 4.315 | C7: -5 | D7: 1.307 | E7: 271.8 | F7: 1.268 | G7: 166
A8: =REF!A8 -> B7 | B8: 4.315 | C8: -5 | D8: 1.307 | E8: 548.3 | F8: 2.3 | G8: 54.79
A9: =REF!A9 -> B8 | B9: 4.315 | C9: 35.15 | D9: 4.045 | E9: 604.8 | F9: 2.346 | G9: 239.8
A10: =REF!A10 -> WT | G10: 286.6
A11: =REF!A11 -> WC | G11: 243.5
A12: =REF!A12 -> WP | G12: 17.31
A13: =REF!A13 -> QBLR | G13: 575.4
A14: =REF!A14 -> QEVP | G14: 42.65
A15: =REF!A15 -> WN | G15: 20
A16: =REF!A16 -> QCND | G16: 127.6
A17: =REF!A17 -> QEXP | G17: 26.07

Sheet TCND35
A1: =REF!A1 -> key | B1: =REF!B1 -> m (kg/s) | C1: =REF!C1 -> T (ºC) | D1: =REF!D1 -> P (bar) | E1: =REF!E1 -> h( kJ/kg) | F1: =REF!F1 -> s (kj/kg K) | G1: =REF!G1 -> B (kW)
A2: =REF!A2 -> B1 | B2: 7.947 | C2: 90 | D2: 16.4 | E2: 668.6 | F2: 2.373 | G2: 884.5
A3: =REF!A3 -> B2 | B3: 7.947 | C3: 49.18 | D3: 4.645 | E3: 628.9 | F3: 2.405 | G3: 496.5
A4: =REF!A4 -> B3 | B4: 7.947 | C4: 35 | D4: 4.645 | E4: 284.3 | F4: 1.288 | G4: 358.7
A5: =REF!A5 -> B4 | B5: 7.947 | C5: 35.83 | D5: 16.4 | E5: 286.9 | F5: 1.29 | G5: 376.2
A6: =REF!A6 -> B5 | B6: 4.519 | C6: 35 | D6: 4.645 | E6: 284.3 | F6: 1.288 | G6: 204
A7: =REF!A7 -> B6 | B7: 4.519 | C7: -5 | D7: 1.307 | E7: 284.3 | F7: 1.315 | G7: 168.6
A8: =REF!A8 -> B7 | B8: 4.519 | C8: -5 | D8: 1.307 | E8: 548.3 | F8: 2.3 | G8: 57.39
A9: =REF!A9 -> B8 | B9: 4.519 | C9: 38.16 | D9: 4.645 | E9: 607.8 | F9: 2.338 | G9: 275.3
A10: =REF!A10 -> WT | G10: 315.7
A11: =REF!A11 -> WC | G11: 268.9
A12: =REF!A12 -> WP | G12: 20.43
A13: =REF!A13 -> QBLR | G13: 689.9
A14: =REF!A14 -> QEVP | G14: 42.65
A15: =REF!A15 -> WN | G15: 20
A16: =REF!A16 -> QCND | G16: 209.1
A17: =REF!A17 -> QEXP | G17: 35.38

Sheet TBLR85
A1: =REF!A1 -> key | B1: =REF!B1 -> m (kg/s) | C1: =REF!C1 -> T (ºC) | D1: =REF!D1 -> P (bar) | E1: =REF!E1 -> h( kJ/kg) | F1: =REF!F1 -> s (kj/kg K) | G1: =REF!G1 -> B (kW)
A2: =REF!A2 -> B1 | B2: 6.54 | C2: 85 | D2: 14.86 | E2: 663.4 | F2: 2.369 | G2: 702.3
A3: =REF!A3 -> B2 | B3: 6.54 | C3: 44.52 | D3: 4.045 | E3: 622.3 | F3: 2.402 | G3: 370.8
A4: =REF!A4 -> B3 | B4: 6.54 | C4: 30 | D4: 4.045 | E4: 271.8 | F4: 1.248 | G4: 291.2
A5: =REF!A5 -> B4 | B5: 6.54 | C5: 30.73 | D5: 14.86 | E5: 274.1 | F5: 1.249 | G5: 304.2
A6: =REF!A6 -> B5 | B6: 4.315 | C6: 30 | D6: 4.045 | E6: 271.8 | F6: 1.248 | G6: 192.1
A7: =REF!A7 -> B6 | B7: 4.315 | C7: -5 | D7: 1.307 | E7: 271.8 | F7: 1.268 | G7: 166
A8: =REF!A8 -> B7 | B8: 4.315 | C8: -5 | D8: 1.307 | E8: 548.3 | F8: 2.3 | G8: 54.79
A9: =REF!A9 -> B8 | B9: 4.315 | C9: 33.26 | D9: 4.045 | E9: 601.3 | F9: 2.334 | G9: 239.1
A10: =REF!A10 -> WT | G10: 269
A11: =REF!A11 -> WC | G11: 228.3
A12: =REF!A12 -> WP | G12: 15.28
A13: =REF!A13 -> QBLR | G13: 560.8
A14: =REF!A14 -> QEVP | G14: 42.65
A15: =REF!A15 -> WN | G15: 20
A16: =REF!A16 -> QCND | G16: 126.6
A17: =REF!A17 -> QEXP | G17: 26.07

Sheet WN0
A1: =REF!A1 -> key | B1: =REF!B1 -> m (kg/s) | C1: =REF!C1 -> T (ºC) | D1: =REF!D1 -> P (bar) | E1: =REF!E1 -> h( kJ/kg) | F1: =REF!F1 -> s (kj/kg K) | G1: =REF!G1 -> B (kW)
A2: =REF!A2 -> B1 | B2: 5.617 | C2: 90 | D2: 16.4 | E2: 668.6 | F2: 2.373 | G2: 625.3
A3: =REF!A3 -> B2 | B3: 5.617 | C3: 45.63 | D3: 4.045 | E3: 624.4 | F3: 2.408 | G3: 319.4
A4: =REF!A4 -> B3 | B4: 5.617 | C4: 30 | D4: 4.045 | E4: 271.8 | F4: 1.248 | G4: 250.1
A5: =REF!A5 -> B4 | B5: 5.617 | C5: 30.84 | D5: 16.4 | E5: 274.5 | F5: 1.249 | G5: 262.9
A6: =REF!A6 -> B5 | B6: 4.315 | C6: 30 | D6: 4.045 | E6: 271.8 | F6: 1.248 | G6: 192.1
A7: =REF!A7 -> B6 | B7: 4.315 | C7: -5 | D7: 1.307 | E7: 271.8 | F7: 1.268 | G7: 166
A8: =REF!A8 -> B7 | B8: 4.315 | C8: -5 | D8: 1.307 | E8: 548.3 | F8: 2.3 | G8: 54.79
A9: =REF!A9 -> B8 | B9: 4.315 | C9: 33.26 | D9: 4.045 | E9: 601.3 | F9: 2.334 | G9: 239.1
A10: =REF!A10 -> WT | G10: 248.3
A11: =REF!A11 -> WC | G11: 228.3
A12: =REF!A12 -> WP | G12: 15
A13: =REF!A13 -> QBLR | G13: 498.5
A14: =REF!A14 -> QEVP | G14: 42.65
A15: =REF!A15 -> WN | G15: 0
A16: =REF!A16 -> QCND | G16: 116.3
A17: =REF!A17 -> QEXP | G17: 26.07

Sheet WN200
A1: =REF!A1 -> key | B1: =REF!B1 -> m (kg/s) | C1: =REF!C1 -> T (ºC) | D1: =REF!D1 -> P (bar) | E1: =REF!E1 -> h( kJ/kg) | F1: =REF!F1 -> s (kj/kg K) | G1: =REF!G1 -> B (kW)
A2: =REF!A2 -> B1 | B2: 10.54 | C2: 90 | D2: 16.4 | E2: 668.6 | F2: 2.373 | G2: 1173
A3: =REF!A3 -> B2 | B3: 10.54 | C3: 45.63 | D3: 4.045 | E3: 624.4 | F3: 2.408 | G3: 599.1
A4: =REF!A4 -> B3 | B4: 10.54 | C4: 30 | D4: 4.045 | E4: 271.8 | F4: 1.248 | G4: 469.1
A5: =REF!A5 -> B4 | B5: 10.54 | C5: 30.84 | D5: 16.4 | E5: 274.5 | F5: 1.249 | G5: 493.2
A6: =REF!A6 -> B5 | B6: 4.315 | C6: 30 | D6: 4.045 | E6: 271.8 | F6: 1.248 | G6: 192.1
A7: =REF!A7 -> B6 | B7: 4.315 | C7: -5 | D7: 1.307 | E7: 271.8 | F7: 1.268 | G7: 166
A8: =REF!A8 -> B7 | B8: 4.315 | C8: -5 | D8: 1.307 | E8: 548.3 | F8: 2.3 | G8: 54.79
A9: =REF!A9 -> B8 | B9: 4.315 | C9: 33.26 | D9: 4.045 | E9: 601.3 | F9: 2.334 | G9: 239.1
A10: =REF!A10 -> WT | G10: 465.8
A11: =REF!A11 -> WC | G11: 228.3
A12: =REF!A12 -> WP | G12: 28.14
A13: =REF!A13 -> QBLR | G13: 935.1
A14: =REF!A14 -> QEVP | G14: 42.65
A15: =REF!A15 -> WN | G15: 200
A16: =REF!A16 -> QCND | G16: 176.9
A17: =REF!A17 -> QEXP | G17: 26.07
